{
  "name": "angular-google-places-autocomplete",
  "version": "0.2.7",
  "main": [
    "./src/autocomplete.js",
    "./src/autocomplete.css",
    "./dist/autocomplete.min.js",
    "./dist/autocomplete.min.css"
  ],
  "dependencies": {
    "angular": "^1.2.x"
  },
  "devDependencies": {
    "angular-mocks": "^1.2.x"
  },
  "ignore": [],
  "homepage": "https://github.com/kuhnza/angular-google-places-autocomplete",
  "_release": "0.2.7",
  "_resolution": {
    "type": "version",
    "tag": "0.2.7",
    "commit": "61cf02e7db1e5c7f01dace0ba58ce8912066aa12"
  },
  "_source": "https://github.com/kuhnza/angular-google-places-autocomplete.git",
  "_target": "^0.2.7",
  "_originalSource": "angular-google-places-autocomplete",
  "_direct": true
}